"export_id","suggested_at","relic_id","nid_id","nid_kind","relic_ancestry","register_number","voivodeship","district","commune","place","place_id","place_id_action","identification","identification_action","street","street_action","dating","dating_action","latitude","longitude","coordinates_action","categories","categories_action","user_id"
"rel_49798","2012-06-01 00:00:00","49798","640467","SA",""," A/1560/94 z 30.12.1994","śląskie","Katowice","Katowice","Katowice","90996","revision","Szkoła, ob. LO im. Długosza","revision","ul. Lwowska 2","revision","1906","revision","50.2622028","19.0947141","revision","","revision","none"
"rel_49536","2012-06-01 00:00:00","49536","640205","OZ","49528"," A/1516/93 z 26.02.1993","śląskie","Katowice","Katowice","Katowice","90996","revision","Kaplica cmentarna","revision","ul. Francuska","revision","2 poł. XIX","revision","50.2435107","19.0242208","revision","","revision","none"
"rel_49747","2012-06-01 00:00:00","49747","640416","OZ","49746"," A/90/03 z 18.09.2003","śląskie","Katowice","Katowice","Katowice","90996","revision","Dom","revision","ul. Przyjazna 22","revision","1907-1912","revision","50.2222931","19.0699602","revision","","revision","none"
"rel_49567","2012-06-01 00:00:00","49567","640236","SA",""," A/1467/92 z 12.06.1992","śląskie","Katowice","Katowice","Katowice","90996","revision","Kamienica","revision","ul. Jagiellońska 3","revision","1894/95","revision","50.2543644","19.0195475","revision","","revision","none"
"rel_49788","2012-06-01 00:00:00","49788","640457","OZ","49786"," 1202/73 z 19.02.1973","śląskie","Katowice","Katowice","Katowice","90996","revision","Klasztor","revision","ul. Pnewnicka","revision","1905-1908","revision","50.2297579","18.9468506","revision","","revision","none"
"rel_49780","2012-06-01 00:00:00","49780","640449","OZ","49779"," A/1384/89 z 20.03.1989","śląskie","Katowice","Katowice","Katowice","90996","revision","Nadszybie z wieżą wyciągową","revision","ul. Szopienicka","revision","1903-1911","revision","50.2411759","19.078509","revision","","revision","none"
"rel_70583","2012-06-01 00:00:00","70583","698358","OZ","70582"," A/147/05 z 25.07.2005","śląskie","Katowice","Katowice","Katowice","90996","revision","Dom","revision","ul. Przyjemna 17","revision","1907-1912","revision","50.2196609","19.0666272","revision","","revision","none"
"rel_49605","2012-06-01 00:00:00","49605","640274","SA",""," A/1434/91 z 05.09.1991","śląskie","Katowice","Katowice","Katowice","90996","revision","Dom","revision","ul. Raciborska 37","revision","1930","revision","50.254789","19.0020362","revision","","revision","none"
"rel_70572","2012-06-01 00:00:00","70572","698343","OZ","70570"," A/146/05 z 22.04.2005","śląskie","Katowice","Katowice","Katowice","90996","revision","Budynek gospodarczy","revision","ul. Agaty 5","revision","1907-1912","revision","50.2229013","19.0726265","revision","","revision","none"
"rel_49519","2012-06-01 00:00:00","49519","640188","SA",""," A-1286/82 z 02.02.1982","śląskie","Katowice","Katowice","Katowice","90996","revision","Kościół par. p.w. Niepokalanego Poczęcia NPM","revision","pl. Biskupa Szramka","revision","1862-1870","revision","50.2648919","19.0237815","revision","","revision","none"
"rel_76267","2012-06-01 00:00:00","76267","764751","OZ","76266"," A/143/05 z 21.03.2005","śląskie","Katowice","Katowice","Katowice","90996","revision","Dom dwurodzinny","revision","ul. Przyjemna 13","revision","1907-1912","revision","50.219983","19.0683681","revision","","revision","none"
"rel_76268","2012-06-01 00:00:00","76268","764753","OZ","76266"," A/143/05 z 21.03.2005","śląskie","Katowice","Katowice","Katowice","90996","revision","Budynek gospodarczy","revision","ul. Przyjemna 13","revision","1907-1912","revision","50.219983","19.0683681","revision","","revision","none"
"rel_76269","2012-06-01 00:00:00","76269","764756","SA",""," A/350/11 z 5.09.2011","śląskie","Katowice","Katowice","Katowice","90996","revision","Kościól par. pw. św. Anny","revision","pl. Wyzwolenia 21","revision","1914","revision","50.2432707","19.0828032","revision","","revision","none"
"rel_49558","2012-06-01 00:00:00","49558","640227","SA",""," A/1431/91 z 30.08.1991","śląskie","Katowice","Katowice","Katowice","90996","revision","Bank, ob. NBP","revision","ul. Bankowa 5","revision","1911","revision","50.2591725","19.0284339","revision","","revision","none"
"rel_49569","2012-06-01 00:00:00","49569","640238","SA",""," 1371/88 z 27.09.1988","śląskie","Katowice","Katowice","Katowice","90996","revision","Gimnazjum, ob. wydział Biologii UŚ","revision","ul. Jagiellońska 28","revision","1913","revision","50.2545075","19.0239075","revision","","revision","none"
"rel_49601","2012-06-01 00:00:00","49601","640270","SA",""," 1305/83 z 07.07.1983","śląskie","Katowice","Katowice","Katowice","90996","revision","Dom","revision","ul. Pocztowa 7","revision","kon. XIX","revision","50.2584686","19.020631","revision","","revision","none"
"rel_49624","2012-06-01 00:00:00","49624","640293","SA",""," A/1542/94 z 01.03.1994","śląskie","Katowice","Katowice","Katowice","90996","revision","Kamienica","revision","ul. Staromiejska 21","revision","1905","revision","50.2581672","19.0244838","revision","","revision","none"
"rel_49647","2012-06-01 00:00:00","49647","640316","SA",""," A/1410/90 z 14.09.1990","śląskie","Katowice","Katowice","Katowice","90996","revision","Kamienica","revision","pl. Wolności 1","revision","XIX/XX","revision","50.2599305","19.0143344","revision","","revision","none"
"rel_49649","2012-06-01 00:00:00","49649","640318","SA",""," A/1412/90 z 14.09.1990","śląskie","Katowice","Katowice","Katowice","90996","revision","Kamienica","revision","pl. Wolności 6","revision","1896","revision","50.2605509","19.0126397","revision","","revision","none"
"rel_70578","2012-06-01 00:00:00","70578","698350","OZ","70576"," A/151/05 z 3.10.2005","śląskie","Katowice","Katowice","Katowice","90996","revision","Budynek gospodarczy","revision"," ul. Górniczego Stanu 37/39","revision","1907-1912","revision","50.218828","19.067695","revision","","revision","none"
"rel_74329","2012-06-01 00:00:00","74329","730428","OZ","74328"," A/115/04 z 20.04.2004","śląskie","Katowice","Katowice","Katowice","90996","revision","Kościół par. p.w. śś. Jana i Pawła","revision","ul. Chorzowska 160","revision","1873","revision","50.2702992","18.9960775","revision","","revision","none"
"rel_49547","2012-06-01 00:00:00","49547","640216","OZ","49546"," A/1515/93 z 26.02.1993","śląskie","Katowice","Katowice","Katowice","90996","revision","Park im. T. Kościuszki (Południowy)","revision","ul. Kościuszki - Górnośląska - Piękna","revision","1903-1922","revision","50.2648919","19.0237815","revision","","revision","none"
"rel_49763","2012-06-01 00:00:00","49763","640432","OZ","49761"," A/38/00 z 11.12.2000","śląskie","Katowice","Katowice","Katowice","90996","revision","Budynek gospodarczy","revision","ul. Przyjemna 10","revision","1907-1912","revision","50.2200258","19.0703062","revision","","revision","none"
"rel_49787","2012-06-01 00:00:00","49787","640456","OZ","49786"," 1202/73 z 19.02.1973","śląskie","Katowice","Katowice","Katowice","90996","revision","Kościół, ob. par. p.w.  św. Ludwika Króla i Wniebowzięcia NMP","revision","ul. Panewnicka","revision","1905-1908","revision","50.2297579","18.9468506","revision","","revision","none"
"rel_76270","2012-06-01 00:00:00","76270","764766","OZ","49811"," A/308/10 z 23.06.2010","śląskie","Katowice","Katowice","Katowice","90996","revision","Walcownia","revision","ul. 11 Listopada","revision","1903-1904","revision","50.2601475","19.0901603","revision","","revision","none"
"rel_71255","2012-06-01 00:00:00","71255","707056","OZ","49811"," A-1227/78 z 30.07.1978","śląskie","Katowice","Katowice","Katowice","90996","revision","Wieża ciśnień","revision","ul. Lwowska 23","revision","1912","revision","50.2556154","19.0941778","revision","","revision","none"
"rel_49648","2012-06-01 00:00:00","49648","640317","SA",""," A/1411/90 z 14.09.1990","śląskie","Katowice","Katowice","Katowice","90996","revision","Kamienica","revision","pl. Wolności 5","revision","1907","revision","50.2605316","19.0130262","revision","","revision","none"
"rel_49604","2012-06-01 00:00:00","49604","640273","SA",""," A/1628/96 z 29.03.1996","śląskie","Katowice","Katowice","Katowice","90996","revision","Willa dyrektora kopalni Giesche","revision","ul. Pszczyńska 10","revision","1907-1910","revision","50.2208539","19.0595148","revision","","revision","none"
"rel_49776","2012-06-01 00:00:00","49776","640445","SA",""," A/1417/90 z 29.10.1990","śląskie","Katowice","Katowice","Katowice","90996","revision","Wieża wodna (kopalnia ""Staszic"")","revision","ul. Pszczyńska","revision","1908","revision","50.2276157","19.0571191","revision","","revision","none"
"rel_49560","2012-06-01 00:00:00","49560","640229","OZ","49559"," 1364/88 z 29.04.1988","śląskie","Katowice","Katowice","Katowice","90996","revision","Przedszkole","revision","ul. Barbary 25","revision","1938","revision","50.2485347","19.0074006","revision","","revision","none"
"rel_49548","2012-06-01 00:00:00","49548","640217","OZ","49546"," A/1515/93 z 26.02.1993","śląskie","Katowice","Katowice","Katowice","90996","revision","Cmentarz żołnierzy radzieckich","revision","ul. Kościuszki - Górnośląska - Piękna","revision","","revision","50.2648919","19.0237815","revision","","revision","none"
"rel_49596","2012-06-01 00:00:00","49596","640265","SA",""," A/1497/92 z 04.09.1992","śląskie","Katowice","Katowice","Katowice","90996","revision","Kamienica","revision","ul. Moniuszki 2","revision","ok. 1900","revision","50.2609725","19.0229487","revision","","revision","none"
"rel_49795","2012-06-01 00:00:00","49795","640464","OZ","49794"," A-76/2 z 30.12.2002","śląskie","Katowice","Katowice","Katowice","90996","revision","Kościół ewangelicki p.w. Zbawiciela","revision","ul. Bednorza 20","revision","1901","revision","50.2634799","19.0916865","revision","","revision","none"
"rel_49518","2012-06-01 00:00:00","49518","640187","OZ","49516"," 1179/71 z 09.03.1971","śląskie","Katowice","Katowice","Katowice","90996","revision","Dzwonnica","revision","","revision","XVII","revision","50.2648919","19.0237815","revision","","revision","none"
"rel_49522","2012-06-01 00:00:00","49522","640191","OZ","49520"," A/1483/92 z 11.08.1992","śląskie","Katowice","Katowice","Katowice","90996","revision","Plebania","revision","ul. Mikołowska 32-34","revision","1899","revision","50.2537389","19.0101194","revision","","revision","none"
"rel_49691","2012-06-01 00:00:00","49691","640360","OZ","49690"," A/63/01 z 31.12.2001","śląskie","Katowice","Katowice","Katowice","90996","revision","Dom","revision","ul. Barbórki 4","revision","1907-1910","revision","50.22081","19.0666182","revision","","revision","none"
"rel_49524","2012-06-01 00:00:00","49524","640193","SA",""," 1378/88 z 02.11.1988","śląskie","Katowice","Katowice","Katowice","90996","revision","Kościół par. garnizonowy p.w. św. Kazimierza","revision"," ul. Kopernika / Skłodowskiej","revision","1930-1933","revision","50.2648919","19.0237815","revision","","revision","none"
"rel_49527","2012-06-01 00:00:00","49527","640196","OZ","49525"," A-1285/82 z 02.02.1982","śląskie","Katowice","Katowice","Katowice","90996","revision","Plebania","revision","ul. Warszawska 18","revision","kon. XIX","revision","50.2590289","19.0269219","revision","","revision","none"
"rel_49530","2012-06-01 00:00:00","49530","640199","OZ","49528"," A/1516/93 z 26.02.1993","śląskie","Katowice","Katowice","Katowice","90996","revision","Cmentarz ewangelicki","revision","ul. Francuska","revision","1882","revision","50.2435107","19.0242208","revision","","revision","none"
"rel_49531","2012-06-01 00:00:00","49531","640200","OZ","49528"," A/1516/93 z 26.02.1993","śląskie","Katowice","Katowice","Katowice","90996","revision","Kaplica cmentarna","revision","ul. Francuska","revision","kon. XIX","revision","50.2435107","19.0242208","revision","","revision","none"
"rel_49553","2012-06-01 00:00:00","49553","640222","OZ","49552"," A-1218/75 z 18.12.1985","śląskie","Katowice","Katowice","Katowice","90996","revision","Hala dworcowa","revision","ul. Dworcowa - 15 Grudnia - Mielęckiego","revision","1906","revision","50.2648919","19.0237815","revision","","revision","none"
"rel_49554","2012-06-01 00:00:00","49554","640223","OZ","49552"," A-1218/75 z 18.12.1985","śląskie","Katowice","Katowice","Katowice","90996","revision","Budynek biurowy","revision","ul. Dworcowa - 15 Grudnia - Mielęckiego","revision","1906","revision","50.2648919","19.0237815","revision","","revision","none"
"rel_49555","2012-06-01 00:00:00","49555","640224","OZ","49552"," A-1218/75 z 18.12.1985","śląskie","Katowice","Katowice","Katowice","90996","revision","Dom mieszkalny","revision","ul. Dworcowa - 15 Grudnia - Mielęckiego","revision","1906","revision","50.2648919","19.0237815","revision","","revision","none"
"rel_49556","2012-06-01 00:00:00","49556","640225","OZ","49552"," A-1218/75 z 18.12.1985","śląskie","Katowice","Katowice","Katowice","90996","revision","Restauracja","revision","ul. Dworcowa - 15 Grudnia - Mielęckiego","revision","1906","revision","50.2648919","19.0237815","revision","","revision","none"
"rel_49523","2012-06-01 00:00:00","49523","640192","OZ","49520"," A/1483/92 z 11.08.1992","śląskie","Katowice","Katowice","Katowice","90996","revision","Ogrodzenie","revision","ul. Mikołowska 32-34","revision","","revision","50.2537389","19.0101194","revision","","revision","none"
"rel_49532","2012-06-01 00:00:00","49532","640201","OZ","49528"," A/1516/93 z 26.02.1993","śląskie","Katowice","Katowice","Katowice","90996","revision","Studnia","revision","ul. Francuska","revision","","revision","50.2435107","19.0242208","revision","","revision","none"
"rel_49565","2012-06-01 00:00:00","49565","640234","SA",""," A/1526/93 z 30.04.1993","śląskie","Katowice","Katowice","Katowice","90996","revision","Hotel ""Monopol""","revision"," ul. Dworcowa 5, 7 / Dyrekcyjna 2","revision","ok. 1900","revision","50.2648919","19.0237815","revision","","revision","none"
"rel_49575","2012-06-01 00:00:00","49575","640244","SA",""," A/1546/94 z 28.09.1994","śląskie","Katowice","Katowice","Katowice","90996","revision","Kamienica","revision"," ul. Kochanowskiego 2 / Plebiscytowa 1","revision","1896-1906","revision","50.2648919","19.0237815","revision","","revision","none"
"rel_49581","2012-06-01 00:00:00","49581","640250","SA",""," A/1440/91 z 31.10.1991","śląskie","Katowice","Katowice","Katowice","90996","revision","Kamienica","revision","ul. 3 Maja 17","revision","1904","revision","50.2596364","19.0178377","revision","","revision","none"
"rel_49695","2012-06-01 00:00:00","49695","640364","OZ","49694"," A/67/02 z 07.03.2002","śląskie","Katowice","Katowice","Katowice","90996","revision","Dom","revision","ul. Ewy 3","revision","1907-1912","revision","50.2205668","19.0718161","revision","","revision","none"
"rel_49537","2012-06-01 00:00:00","49537","640206","OZ","49528"," A/1516/93 z 26.02.1993","śląskie","Katowice","Katowice","Katowice","90996","revision","Kaplica grobowa","revision","ul. Francuska","revision","2 poł. XIX","revision","50.2435107","19.0242208","revision","","revision","none"
"rel_49541","2012-06-01 00:00:00","49541","640210","OZ","49540"," A/1414/90 z 29.10.1990","śląskie","Katowice","Katowice","Katowice","90996","revision","Cmentarz żydowski","revision","ul. Kozielska 16","revision","1869","revision","50.2560974","19.0083736","revision","","revision","none"
"rel_49545","2012-06-01 00:00:00","49545","640214","SA",""," A/1659/97 z 15.12.1997","śląskie","Katowice","Katowice","Katowice","90996","revision","Gmach Kurii Metropolitalnej","revision","ul. Jordana 39","revision","1927-33","revision","50.2508685","19.0190048","revision","","revision","none"
"rel_49550","2012-06-01 00:00:00","49550","640219","OZ","49546"," A/1515/93 z 26.02.1993","śląskie","Katowice","Katowice","Katowice","90996","revision","Wieża spadochronowa","revision","ul. Kościuszki - Górnośląska - Piękna","revision","1937","revision","50.2648919","19.0237815","revision","","revision","none"
"rel_49562","2012-06-01 00:00:00","49562","640231","SA",""," A/1485/92 z 11.08.1992","śląskie","Katowice","Katowice","Katowice","90996","revision","Kamienica","revision","ul. Bogucicka 6","revision","1909","revision","50.2593199","19.0438178","revision","","revision","none"
"rel_49563","2012-06-01 00:00:00","49563","640232","SA",""," 1363/88 z 05.04.1988","śląskie","Katowice","Katowice","Katowice","90996","revision","Kamienica","revision","ul. Drzymały 18","revision","pocz. XX","revision","50.2532056","19.01519","revision","","revision","none"
"rel_49572","2012-06-01 00:00:00","49572","640241","OZ","49571"," A/1616/95 z 16.10.1995","śląskie","Katowice","Katowice","Katowice","90996","revision","Willa","revision","ul. Józefy Kantorówny 20","revision","1900-1910","revision","50.2641957","19.097337","revision","","revision","none"
"rel_49573","2012-06-01 00:00:00","49573","640242","OZ","49571"," A/1616/95 z 16.10.1995","śląskie","Katowice","Katowice","Katowice","90996","revision","Ogród","revision","ul. Józefy Kantorówny 20","revision","1900-1910","revision","50.2641957","19.097337","revision","","revision","none"
"rel_49538","2012-06-01 00:00:00","49538","640207","OZ","49528"," A/1516/93 z 26.02.1993","śląskie","Katowice","Katowice","Katowice","90996","revision","Krzyż ze studzienką","revision","ul. Francuska","revision","","revision","50.2435107","19.0242208","revision","","revision","none"
"rel_49539","2012-06-01 00:00:00","49539","640208","OZ","49528"," A/1516/93 z 26.02.1993","śląskie","Katowice","Katowice","Katowice","90996","revision","Ogrodzenie","revision","ul. Francuska","revision","","revision","50.2435107","19.0242208","revision","","revision","none"
"rel_49544","2012-06-01 00:00:00","49544","640213","OZ","49540"," A/1414/90 z 29.10.1990","śląskie","Katowice","Katowice","Katowice","90996","revision","Ogrodzenie z bramą","revision","ul. Kozielska 16","revision","","revision","50.2560974","19.0083736","revision","","revision","none"
"rel_49578","2012-06-01 00:00:00","49578","640247","SA",""," A/1505/92 z 03.11.1992","śląskie","Katowice","Katowice","Katowice","90996","revision","Kamienica","revision","ul. Koszarowa 5","revision","1930","revision","50.2539929","19.0020649","revision","","revision","none"
"rel_49582","2012-06-01 00:00:00","49582","640251","SA",""," 1369/88 z 17.06.1988","śląskie","Katowice","Katowice","Katowice","90996","revision","Kamienica","revision","ul. Matejki 2","revision","pocz. XX","revision","50.2586414","19.0141179","revision","","revision","none"
"rel_49583","2012-06-01 00:00:00","49583","640252","SA",""," 1369/88 z 17.06.1988","śląskie","Katowice","Katowice","Katowice","90996","revision","Kamienica","revision","ul. Matejki 4","revision","pocz. XX","revision","50.2586414","19.0141179","revision","","revision","none"
"rel_49584","2012-06-01 00:00:00","49584","640253","SA",""," A/1227/78 z 02.05.1978","śląskie","Katowice","Katowice","Katowice","90996","revision","Bank Gospodarstwa Krajowego, ob. NBP","revision","ul. Mickiewicza 3","revision","1930","revision","50.2603432","19.0206702","revision","","revision","none"
"rel_49585","2012-06-01 00:00:00","49585","640254","SA",""," 1343/87 z 12.06.1987","śląskie","Katowice","Katowice","Katowice","90996","revision","Łaźnia miejska","revision","ul. Mickiewicza 5","revision","1864-1911","revision","50.2606297","19.0205013","revision","","revision","none"
"rel_49586","2012-06-01 00:00:00","49586","640255","SA",""," A/1316/83 z 03.10.1983","śląskie","Katowice","Katowice","Katowice","90996","revision","Kamienica (d. kawiarnia ""Wojko"")","revision","ul. Mickiewicza 8","revision","kon. XIX","revision","50.2599128","19.0209628","revision","","revision","none"
"rel_49597","2012-06-01 00:00:00","49597","640266","SA",""," A/1497/92 z 04.09.1992","śląskie","Katowice","Katowice","Katowice","90996","revision","Kamienica","revision","ul. Moniuszki 4","revision","ok. 1900","revision","50.2609534","19.0231688","revision","","revision","none"
"rel_49598","2012-06-01 00:00:00","49598","640267","SA",""," A/1486/92 z 11.08.1992","śląskie","Katowice","Katowice","Katowice","90996","revision","Kamienica","revision","ul. Opolska 15","revision","1924","revision","50.2615739","19.0136144","revision","","revision","none"
"rel_49610","2012-06-01 00:00:00","49610","640279","SA",""," A/1447/91 z 30.12.1991","śląskie","Katowice","Katowice","Katowice","90996","revision","Teatr Śląski","revision","Rynek 2","revision","1906-1907","revision","50.2596976","19.0228592","revision","","revision","none"
"rel_49611","2012-06-01 00:00:00","49611","640280","SA",""," A/1448/91 z 30.12.1991","śląskie","Katowice","Katowice","Katowice","90996","revision","Kamienica","revision","Rynek 7","revision","1869","revision","50.2600575","19.0226053","revision","","revision","none"
"rel_49614","2012-06-01 00:00:00","49614","640283","SA",""," A/1454/91 z 30.12.1991","śląskie","Katowice","Katowice","Katowice","90996","revision","Kamienica","revision"," ul. Sokolska 1 / pl. Wolności 2","revision","ok. 1894","revision","50.2648919","19.0237815","revision","","revision","none"
"rel_49652","2012-06-01 00:00:00","49652","640321","SA",""," A/1455/91 z 30.12.1991","śląskie","Katowice","Katowice","Katowice","90996","revision","Willa","revision","pl. Wolności 10","revision","1907-1909","revision","50.2592722","19.012099","revision","","revision","none"
"rel_49653","2012-06-01 00:00:00","49653","640322","SA",""," A/1490/92 z 11.08.1992","śląskie","Katowice","Katowice","Katowice","90996","revision","Kamienica","revision","pl. Wolności 10a","revision","1911-1912","revision","50.259242","19.0126268","revision","","revision","none"
"rel_49654","2012-06-01 00:00:00","49654","640323","SA",""," A/1491/92 z 11.08.1992","śląskie","Katowice","Katowice","Katowice","90996","revision","Kamienica","revision","pl. Wolności 11","revision","1903-1904","revision","50.2592317","19.012866","revision","","revision","none"
"rel_49655","2012-06-01 00:00:00","49655","640324","SA",""," A/1492/92 z 11.08.1992","śląskie","Katowice","Katowice","Katowice","90996","revision","Kamienica","revision","pl. Wolności 12","revision","1874-1875","revision","50.2592133","19.0131405","revision","","revision","none"
"rel_49656","2012-06-01 00:00:00","49656","640325","SA",""," 1315/83 z 03.12.1983","śląskie","Katowice","Katowice","Katowice","90996","revision","Kamienica","revision","pl. Wolności 12 a","revision","1872","revision","50.2592133","19.0131405","revision","","revision","none"
"rel_49577","2012-06-01 00:00:00","49577","640246","SA",""," 1314/83 z 03.10.1983","śląskie","Katowice","Katowice","Katowice","90996","revision","Hotel ""Grand"", ob. Muzeum Śląskie","revision","ul. Korfantego 3","revision","1898","revision","50.260703","19.0227979","revision","","revision","none"
"rel_49587","2012-06-01 00:00:00","49587","640256","SA",""," A/1475/92 z 08.07.1992","śląskie","Katowice","Katowice","Katowice","90996","revision","Szkoła, ob. LO im. Mickiewicza","revision","ul. Mickiewicza 11","revision","1898-1900","revision","50.261767","19.017657","revision","","revision","none"
"rel_49673","2012-06-01 00:00:00","49673","640342","SA",""," A-1234/78 z 19.08.1978","śląskie","Katowice","Katowice","Katowice","90996","revision","Ratusz, ob. rektorat Akademii Ekonomicznej","revision","ul. 1 Maja 50","revision","","revision","50.2584237","19.0447482","revision","","revision","none"
"rel_49592","2012-06-01 00:00:00","49592","640261","OZ","49589"," A-1270/81 z 07.12.1981","śląskie","Katowice","Katowice","Katowice","90996","revision","Budynek gospodarczy I","revision","ul. Mikołowska 10","revision","XIX/XX","revision","50.2561807","19.0134994","revision","","revision","none"
"rel_49593","2012-06-01 00:00:00","49593","640262","OZ","49589"," A-1270/81 z 07.12.1981","śląskie","Katowice","Katowice","Katowice","90996","revision","Budynek gospodarczy II","revision","ul. Mikołowska 10","revision","XIX/XX","revision","50.2561807","19.0134994","revision","","revision","none"
"rel_49595","2012-06-01 00:00:00","49595","640264","OZ","49589"," A-1270/81 z 07.12.1981","śląskie","Katowice","Katowice","Katowice","90996","revision","Budynek mieszkalny II, ob. biurowy","revision","ul. Mikołowska 10","revision","XIX/XX","revision","50.2561807","19.0134994","revision","","revision","none"
"rel_49599","2012-06-01 00:00:00","49599","640268","SA",""," A/1497/92 z 04.09.1992","śląskie","Katowice","Katowice","Katowice","90996","revision","Kamienica","revision","ul. Piastowska 1","revision","ok. 1900","revision","50.2612048","19.0229377","revision","","revision","none"
"rel_49600","2012-06-01 00:00:00","49600","640269","SA",""," A/1497/92 z 04.09.1992","śląskie","Katowice","Katowice","Katowice","90996","revision","Kamienica","revision","ul. Piastowska 3","revision","ok. 1900","revision","50.2611595","19.023301","revision","","revision","none"
"rel_49650","2012-06-01 00:00:00","49650","640319","SA",""," A/1413/90 z 14.09.1990","śląskie","Katowice","Katowice","Katowice","90996","revision","Kamienica","revision","pl. Wolności 8","revision","kon. XIX","revision","50.2600133","19.0118994","revision","","revision","none"
"rel_49667","2012-06-01 00:00:00","49667","640336","OZ","49663"," A/1496/92 z 04.09.1992","śląskie","Katowice","Katowice","Katowice","90996","revision","Cmentarz fraterski","revision","ul. Podhalańska","revision","XIX/XX","revision","50.2696818","19.0438843","revision","","revision","none"
"rel_49674","2012-06-01 00:00:00","49674","640343","SA",""," A/1558/94 z 30.12.1994","śląskie","Katowice","Katowice","Katowice","90996","revision","Kościół par. p.w. św. Antoniego Padewskiego","revision","al. Niepodległości 4","revision","1907-1912","revision","50.2755143","19.0682052","revision","","revision","none"
"rel_49682","2012-06-01 00:00:00","49682","640351","OZ","49681"," A/39/00 z 11.12.2000","śląskie","Katowice","Katowice","Katowice","90996","revision","Dom","revision","ul. Agaty 4","revision","1907-1912","revision","50.2229478","19.0729175","revision","","revision","none"
"rel_49683","2012-06-01 00:00:00","49683","640352","OZ","49681"," A/39/00 z 11.12.2000","śląskie","Katowice","Katowice","Katowice","90996","revision","Budynek gospodarczy","revision","ul. Agaty 4","revision","1907-1912","revision","50.2229478","19.0729175","revision","","revision","none"
"rel_49685","2012-06-01 00:00:00","49685","640354","OZ","49684"," A/31/00 z 11.12.2000","śląskie","Katowice","Katowice","Katowice","90996","revision","Dom","revision","ul. Barbórki 1","revision","1907-1912","revision","50.2210153","19.0681286","revision","","revision","none"
"rel_49688","2012-06-01 00:00:00","49688","640357","OZ","49687"," A/85/03 z 13.03.2003","śląskie","Katowice","Katowice","Katowice","90996","revision","Dom","revision","ul. Barbórki 2","revision","1907-1910","revision","50.2209604","19.0676236","revision","","revision","none"
"rel_49689","2012-06-01 00:00:00","49689","640358","OZ","49687"," A/85/03 z 13.03.2003","śląskie","Katowice","Katowice","Katowice","90996","revision","Budynek gospodarczy","revision","ul. Barbórki 2","revision","1907-1910","revision","50.2209604","19.0676236","revision","","revision","none"
"rel_49704","2012-06-01 00:00:00","49704","640373","OZ","49703"," A/70/02 z 22.08.2002","śląskie","Katowice","Katowice","Katowice","90996","revision","Dom","revision"," ul. Górniczego Stanu 65/67","revision","1907-1912","revision","50.219293","19.0711683","revision","","revision","none"
"rel_49705","2012-06-01 00:00:00","49705","640374","OZ","49703"," A/70/02 z 22.08.2002","śląskie","Katowice","Katowice","Katowice","90996","revision","Budynek gospodarczy","revision"," ul. Górniczego Stanu 65/67","revision","1907-1912","revision","50.219293","19.0711683","revision","","revision","none"
"rel_49735","2012-06-01 00:00:00","49735","640404","OZ","49734"," A/60/02 z 7.03.2002","śląskie","Katowice","Katowice","Katowice","90996","revision","Dom","revision","ul. Przyjazna 14","revision","1907-1912","revision","50.2201507","19.0708261","revision","","revision","none"
"rel_49777","2012-06-01 00:00:00","49777","640446","SA",""," A-141/49 z 25.01.1949","śląskie","Katowice","Katowice","Katowice","90996","revision","Aleja brzozowa (od stacji PKP do kopalni)","revision","","revision","","revision","50.2648919","19.0237815","revision","","revision","none"
"rel_49696","2012-06-01 00:00:00","49696","640365","OZ","49694"," A/67/02 z 07.03.2002","śląskie","Katowice","Katowice","Katowice","90996","revision","Budynek gospodarczy","revision","ul. Ewy 3","revision","1907-1912","revision","50.2205668","19.0718161","revision","","revision","none"
"rel_49698","2012-06-01 00:00:00","49698","640367","OZ","49697"," A/32/00 z 11.12.2000","śląskie","Katowice","Katowice","Katowice","90996","revision","Dom","revision","ul. Gościnna 4","revision","1907-1912","revision","50.2240043","19.0679106","revision","","revision","none"
"rel_49701","2012-06-01 00:00:00","49701","640370","OZ","49700"," A/86/03 z 11.12.2003","śląskie","Katowice","Katowice","Katowice","90996","revision","Dom","revision"," ul. Górniczego Stanu 49/51","revision","1907-1912","revision","50.2190396","19.0693574","revision","","revision","none"
"rel_49679","2012-06-01 00:00:00","49679","640348","SA",""," A/1418/90 z 29.10.1990","śląskie","Katowice","Katowice","Katowice","90996","revision","Wieża wodna (huta ""Szopienice"")","revision","ul. Korczaka","revision","1912","revision","50.2736227","19.087779","revision","","revision","none"
"rel_49602","2012-06-01 00:00:00","49602","640271","SA",""," A/1446/91 z 30.12.1991","śląskie","Katowice","Katowice","Katowice","90996","revision","Willa inż. T. Michejdy","revision","ul. Poniatowskiego 19","revision","1926-1930","revision","50.2507581","19.0112582","revision","","revision","none"
"rel_49668","2012-06-01 00:00:00","49668","640337","OZ","49663"," A/1496/92 z 04.09.1992","śląskie","Katowice","Katowice","Katowice","90996","revision","Kaplica bonifraterska","revision","ul. Podhalańska","revision","1893","revision","50.2696818","19.0438843","revision","","revision","none"
"rel_49707","2012-06-01 00:00:00","49707","640376","OZ","49706"," A/111/04 z 20.01.2004","śląskie","Katowice","Katowice","Katowice","90996","revision","Dom","revision","ul. Kwiatowa 21","revision","1907-1912","revision","50.2213164","19.0725797","revision","","revision","none"
"rel_49708","2012-06-01 00:00:00","49708","640377","OZ","49706"," A/111/04 z 20.01.2004","śląskie","Katowice","Katowice","Katowice","90996","revision","Budynek gospodarczy","revision","ul. Kwiatowa 21","revision","1907-1912","revision","50.2213164","19.0725797","revision","","revision","none"
"rel_49710","2012-06-01 00:00:00","49710","640379","OZ","49709"," A/60/01 z 31.12.2001","śląskie","Katowice","Katowice","Katowice","90996","revision","Dom","revision","ul. Kwiatowa 24","revision","1907-1912","revision","50.2229188","19.0718813","revision","","revision","none"
"rel_49711","2012-06-01 00:00:00","49711","640380","OZ","49709"," A/60/01 z 31.12.2001","śląskie","Katowice","Katowice","Katowice","90996","revision","Budynek gospodarczy","revision","ul. Kwiatowa 24","revision","1907-1912","revision","50.2229188","19.0718813","revision","","revision","none"
"rel_49716","2012-06-01 00:00:00","49716","640385","OZ","49715"," A/35/00 z 11.12.2000","śląskie","Katowice","Katowice","Katowice","90996","revision","Dom","revision","ul. Młodzieżowa 19","revision","1907-1912","revision","50.2241889","19.0648282","revision","","revision","none"
"rel_49717","2012-06-01 00:00:00","49717","640386","OZ","49715"," A/35/00 z 11.12.2000","śląskie","Katowice","Katowice","Katowice","90996","revision","Budynek gospodarczy","revision","ul. Młodzieżowa 19","revision","1907-1912","revision","50.2241889","19.0648282","revision","","revision","none"
"rel_49719","2012-06-01 00:00:00","49719","640388","OZ","49718"," A/64/01 z 31.12.2001","śląskie","Katowice","Katowice","Katowice","90996","revision","Dom","revision","ul. Pod Kasztanami 11","revision","1907-1912","revision","50.2222244","19.0739405","revision","","revision","none"
"rel_49721","2012-06-01 00:00:00","49721","640390","SA",""," A-1290/82 z 20.05.1982","śląskie","Katowice","Katowice","Katowice","90996","revision","Dom mieszkalno-handlowy","revision","ul. Pod Lipami 7-10","revision","1 ćw. XX","revision","50.2217605","19.0643319","revision","","revision","none"
"rel_49723","2012-06-01 00:00:00","49723","640392","OZ","49722"," A/71/02 z 5.09.2002","śląskie","Katowice","Katowice","Katowice","90996","revision","Dom","revision","ul. Przyjazna 7","revision","1907-1912","revision","50.2234543","19.0698522","revision","","revision","none"
"rel_49724","2012-06-01 00:00:00","49724","640393","OZ","49722"," A/71/02 z 5.09.2002","śląskie","Katowice","Katowice","Katowice","90996","revision","Budynek gospodarczy","revision","ul. Przyjazna 7","revision","1907-1912","revision","50.2234543","19.0698522","revision","","revision","none"
"rel_49726","2012-06-01 00:00:00","49726","640395","OZ","49725"," A/72/02 z 5.09.2002","śląskie","Katowice","Katowice","Katowice","90996","revision","Dom","revision","ul. Przyjazna 8","revision","1907-1912","revision","50.2231335","19.0700172","revision","","revision","none"
"rel_49727","2012-06-01 00:00:00","49727","640396","OZ","49725"," A/72/02 z 5.09.2002","śląskie","Katowice","Katowice","Katowice","90996","revision","Budynek gospodarczy","revision","ul. Przyjazna 8","revision","1907-1912","revision","50.2231335","19.0700172","revision","","revision","none"
"rel_49729","2012-06-01 00:00:00","49729","640398","OZ","49728"," A/73/02 z 5.09.2002","śląskie","Katowice","Katowice","Katowice","90996","revision","Dom","revision","ul. Przyjazna 9","revision","1907-1912","revision","50.2227706","19.0701839","revision","","revision","none"
"rel_49732","2012-06-01 00:00:00","49732","640401","OZ","49731"," A/53/01 z 28.12.2001","śląskie","Katowice","Katowice","Katowice","90996","revision","Dom","revision","ul. Przyjazna 12","revision","1907-1912","revision","50.2210746","19.0705103","revision","","revision","none"
"rel_49733","2012-06-01 00:00:00","49733","640402","OZ","49731"," A/53/01 z 28.12.2001","śląskie","Katowice","Katowice","Katowice","90996","revision","Budynek gospodarczy","revision","ul. Przyjazna 12","revision","1907-1912","revision","50.2210746","19.0705103","revision","","revision","none"
"rel_49738","2012-06-01 00:00:00","49738","640407","OZ","49737"," A/28/00 z 16.10.2000","śląskie","Katowice","Katowice","Katowice","90996","revision","Dom","revision","ul. Przyjazna 15","revision","1907-1912","revision","50.2196919","19.0712857","revision","","revision","none"
"rel_49739","2012-06-01 00:00:00","49739","640408","OZ","49737"," A/28/00 z 16.10.2000","śląskie","Katowice","Katowice","Katowice","90996","revision","Budynek gospodarczy","revision","ul. Przyjazna 15","revision","1907-1912","revision","50.2196919","19.0712857","revision","","revision","none"
"rel_49741","2012-06-01 00:00:00","49741","640410","OZ","49740"," A/29/00 z 16.10.2000","śląskie","Katowice","Katowice","Katowice","90996","revision","Dom","revision","ul. Przyjazna 18","revision","1907-1912","revision","50.2202323","19.0707931","revision","","revision","none"
"rel_49745","2012-06-01 00:00:00","49745","640414","OZ","49743"," A/30/00 z 11.12.2000","śląskie","Katowice","Katowice","Katowice","90996","revision","Budynek gospodarczy","revision","ul. Przyjazna 21","revision","1907-1912","revision","50.2219885","19.0701036","revision","","revision","none"
"rel_49748","2012-06-01 00:00:00","49748","640417","OZ","49746"," A/90/03 z 18.09.2003","śląskie","Katowice","Katowice","Katowice","90996","revision","Budynek gospodarczy","revision","ul. Przyjazna 22","revision","1907-1912","revision","50.2222931","19.0699602","revision","","revision","none"
"rel_49750","2012-06-01 00:00:00","49750","640419","OZ","49749"," A/23/00 z 16.10.2000","śląskie","Katowice","Katowice","Katowice","90996","revision","Dom","revision","ul. Przyjemna 3","revision","1907-1912","revision","50.219759","19.0670587","revision","","revision","none"
"rel_49751","2012-06-01 00:00:00","49751","640420","OZ","49749"," A/23/00 z 16.10.2000","śląskie","Katowice","Katowice","Katowice","90996","revision","Budynek gospodarczy","revision","ul. Przyjemna 3","revision","1907-1912","revision","50.219759","19.0670587","revision","","revision","none"
"rel_49753","2012-06-01 00:00:00","49753","640422","OZ","49752"," A/24/00 z 16.10.2000","śląskie","Katowice","Katowice","Katowice","90996","revision","Dom","revision","ul. Przyjemna 4","revision","1907-1912","revision","50.2198439","19.0675153","revision","","revision","none"
"rel_49756","2012-06-01 00:00:00","49756","640425","OZ","49755"," A/25/00 z 16.10.2000","śląskie","Katowice","Katowice","Katowice","90996","revision","Dom","revision","ul. Przyjemna 6","revision","1907-1912","revision","50.2199784","19.0683467","revision","","revision","none"
"rel_49759","2012-06-01 00:00:00","49759","640428","OZ","49758"," A/82/03 z 3.03.2003","śląskie","Katowice","Katowice","Katowice","90996","revision","Dom","revision","ul. Przyjemna 8","revision","1907-1912","revision","50.2200632","19.0690602","revision","","revision","none"
"rel_49762","2012-06-01 00:00:00","49762","640431","OZ","49761"," A/38/00 z 11.12.2000","śląskie","Katowice","Katowice","Katowice","90996","revision","Dom","revision","ul. Przyjemna 10","revision","1907-1912","revision","50.2200258","19.0703062","revision","","revision","none"
"rel_49765","2012-06-01 00:00:00","49765","640434","OZ","49764"," A/26/00 z 16.10.2000","śląskie","Katowice","Katowice","Katowice","90996","revision","Dom","revision","ul. Przyjemna 15","revision","1907-1912","revision","50.2198277","19.0674146","revision","","revision","none"
"rel_49766","2012-06-01 00:00:00","49766","640435","OZ","49764"," A/26/00 z 16.10.2000","śląskie","Katowice","Katowice","Katowice","90996","revision","Budynek gospodarczy","revision","ul. Przyjemna 15","revision","1907-1912","revision","50.2198277","19.0674146","revision","","revision","none"
"rel_49768","2012-06-01 00:00:00","49768","640437","OZ","49767"," A/27/00 z 16.10.2000","śląskie","Katowice","Katowice","Katowice","90996","revision","Dom","revision","ul. Przyjemna 16","revision","1907-1912","revision","50.2197672","19.067091","revision","","revision","none"
"rel_49770","2012-06-01 00:00:00","49770","640439","SA",""," A/37/00 z 11.12.2000","śląskie","Katowice","Katowice","Katowice","90996","revision","Dom","revision","ul. Przyjemna 21","revision","1907-1912","revision","50.2194922","19.0666294","revision","","revision","none"
"rel_49772","2012-06-01 00:00:00","49772","640441","SA",""," A/69/02 z 7.05.2002","śląskie","Katowice","Katowice","Katowice","90996","revision","Budynek jadłodajni i kantyny","revision","ul. Radosna 35","revision","1907-1910","revision","50.2237201","19.0663495","revision","","revision","none"
"rel_49774","2012-06-01 00:00:00","49774","640443","OZ","49773"," A/84/03 z 13.03.2003","śląskie","Katowice","Katowice","Katowice","90996","revision","Dom","revision","ul. Wesołowska 1","revision","1907-1912","revision","50.2209112","19.0688039","revision","","revision","none"
"rel_49792","2012-06-01 00:00:00","49792","640461","OZ","49791"," A/1557/94 z 30.12.1994","śląskie","Katowice","Katowice","Katowice","90996","revision","Kościół par. p.w. św. Jadwigi","revision","pl. Powstańców 3","revision","1885-1888","revision","50.2523708","19.0162101","revision","","revision","none"
"rel_49793","2012-06-01 00:00:00","49793","640462","OZ","49791"," A/1557/94 z 30.12.1994","śląskie","Katowice","Katowice","Katowice","90996","revision","Kaplica Ogrójca","revision","pl. Powstańców 3","revision","1903","revision","50.2523708","19.0162101","revision","","revision","none"
"rel_49796","2012-06-01 00:00:00","49796","640465","OZ","49794"," A-76/2 z 30.12.2002","śląskie","Katowice","Katowice","Katowice","90996","revision","Cmentarz","revision","ul. Bednorza 20","revision","1901","revision","50.2634799","19.0916865","revision","","revision","none"
"rel_49797","2012-06-01 00:00:00","49797","640466","SA",""," A-1291/82 z 17.06.1982","śląskie","Katowice","Katowice","Katowice","90996","revision","Dom","revision","ul. Bednorza 60","revision","pocz. XX","revision","50.2646712","19.0870071","revision","","revision","none"
"rel_49801","2012-06-01 00:00:00","49801","640470","OZ","49799"," A/1506/92 z 13.11.1992","śląskie","Katowice","Katowice","Katowice","90996","revision","Chłodnie i piwnica","revision","ul. Lwowska 2 a - 6","revision","po 1880","revision","50.2622028","19.0947141","revision","","revision","none"
"rel_49815","2012-06-01 00:00:00","49815","640487","OZ","49814"," A-1228/78 z 19.08.1978","śląskie","Katowice","Katowice","Katowice","90996","revision","Budynek nadszybia","revision","pl. Zwycięstwa 1-13","revision","po 1869","revision","50.3277365","19.0216519","revision","","revision","none"
"rel_49818","2012-06-01 00:00:00","49818","640490","OZ","49814"," A-1228/78 z 19.08.1978","śląskie","Katowice","Katowice","Katowice","90996","revision","Kuźnia","revision","pl. Zwycięstwa 1-13","revision","po 1869","revision","50.3277365","19.0216519","revision","","revision","none"
"rel_49820","2012-06-01 00:00:00","49820","640492","OZ","49814"," A-1228/78 z 19.08.1978","śląskie","Katowice","Katowice","Katowice","90996","revision","Łaźnia","revision","pl. Zwycięstwa 1-13","revision","po 1869","revision","50.3277365","19.0216519","revision","","revision","none"
"rel_49821","2012-06-01 00:00:00","49821","640493","OZ","49814"," A-1228/78 z 19.08.1978","śląskie","Katowice","Katowice","Katowice","90996","revision","Waga","revision","pl. Zwycięstwa 1-13","revision","po 1869","revision","50.3277365","19.0216519","revision","","revision","none"
"rel_49825","2012-06-01 00:00:00","49825","640497","OZ","49824"," A/1473/92 z 08.07.1992","śląskie","Katowice","Katowice","Katowice","90996","revision","Dwór","revision","ul. Gliwicka 159","revision","1886","revision","50.2675186","18.9915917","revision","","revision","none"
"rel_49826","2012-06-01 00:00:00","49826","640498","OZ","49824"," A/1473/92 z 08.07.1992","śląskie","Katowice","Katowice","Katowice","90996","revision","Park","revision","ul. Gliwicka 159","revision","1886","revision","50.2675186","18.9915917","revision","","revision","none"
"rel_49800","2012-06-01 00:00:00","49800","640469","OZ","49799"," A/1506/92 z 13.11.1992","śląskie","Katowice","Katowice","Katowice","90996","revision","Warzelnia","revision","ul. Lwowska 2 a - 6","revision","po 1880","revision","50.2622028","19.0947141","revision","","revision","none"
"rel_49802","2012-06-01 00:00:00","49802","640471","OZ","49799"," A/1506/92 z 13.11.1992","śląskie","Katowice","Katowice","Katowice","90996","revision","Słodownia","revision","ul. Lwowska 2 a - 6","revision","po 1880","revision","50.2622028","19.0947141","revision","","revision","none"
"rel_49804","2012-06-01 00:00:00","49804","640473","OZ","49799"," A/1506/92 z 13.11.1992","śląskie","Katowice","Katowice","Katowice","90996","revision","Kotłownia z maszynownią II","revision","ul. Lwowska 2 a - 6","revision","po 1880","revision","50.2622028","19.0947141","revision","","revision","none"
"rel_49806","2012-06-01 00:00:00","49806","640475","OZ","49799"," A/1506/92 z 13.11.1992","śląskie","Katowice","Katowice","Katowice","90996","revision","Stajnia, ob. budynek mieszkalny","revision","ul. Lwowska 2 a - 6","revision","po 1880","revision","50.2622028","19.0947141","revision","","revision","none"
"rel_49808","2012-06-01 00:00:00","49808","640477","OZ","49799"," A/1506/92 z 13.11.1992","śląskie","Katowice","Katowice","Katowice","90996","revision","Stajnia, ob. magazyn","revision","ul. Lwowska 2 a - 6","revision","po 1880","revision","50.2622028","19.0947141","revision","","revision","none"
"rel_49809","2012-06-01 00:00:00","49809","640478","OZ","49799"," A/1506/92 z 13.11.1992","śląskie","Katowice","Katowice","Katowice","90996","revision","Szalet, ob. łaźnia","revision","ul. Lwowska 2 a - 6","revision","po 1880","revision","50.2622028","19.0947141","revision","","revision","none"
"rel_49810","2012-06-01 00:00:00","49810","640479","OZ","49799"," A/1506/92 z 13.11.1992","śląskie","Katowice","Katowice","Katowice","90996","revision","Portiernia","revision","ul. Lwowska 2 a - 6","revision","po 1880","revision","50.2622028","19.0947141","revision","","revision","none"
"rel_49819","2012-06-01 00:00:00","49819","640491","OZ","49814"," A-1228/78 z 19.08.1978","śląskie","Katowice","Katowice","Katowice","90996","revision","Kotłownia","revision","pl. Zwycięstwa 1-13","revision","po 1869","revision","50.3277365","19.0216519","revision","","revision","none"
"rel_49812","2012-06-01 00:00:00","49812","640484","OZ","49811"," A-1227/78 z 30.07.1978","śląskie","Katowice","Katowice","Katowice","90996","revision","Cechownia","revision","ul. Lwowska 23","revision","1912","revision","50.2556154","19.0941778","revision","","revision","none"
"rel_49813","2012-06-01 00:00:00","49813","640485","OZ","49811"," A-1227/78 z 30.07.1978","śląskie","Katowice","Katowice","Katowice","90996","revision","Portiernia nr 1","revision","ul. Lwowska 23","revision","1924","revision","50.2556154","19.0941778","revision","","revision","none"
"rel_49588","2012-06-01 00:00:00","49588","640257","SA",""," A/1640/97 z 11.04.1997","śląskie","Katowice","Katowice","Katowice","90996","revision","Kamienica","revision","ul. Mickiewicza 26","revision","1906","revision","50.2618168","19.0165417","revision","","revision","none"
"rel_74330","2012-06-01 00:00:00","74330","730430","OZ","74328"," A/115/04 z 20.04.2004","śląskie","Katowice","Katowice","Katowice","90996","revision","Grupa rzeźbiarska Ukrzyżowania","revision","ul. Chorzowska 160","revision","pocz. XX","revision","50.2702992","18.9960775","revision","","revision","none"
"rel_74336","2012-06-01 00:00:00","74336","730440","OZ","74334"," A/47/01 z 10.07.2001","śląskie","Katowice","Katowice","Katowice","90996","revision","Budynek gospodarczy","revision","ul. Gościnna 1","revision","1907-1912","revision","50.2246328","19.0683269","revision","","revision","none"
"rel_74876","2012-06-01 00:00:00","74876","740962","OZ","74875"," A/301/10 z 13.04.2010","śląskie","Katowice","Katowice","Katowice","90996","revision","Budynek dyrekcji","revision","ul. Mikołowska 26","revision","1949-1951","revision","50.2548327","19.0111792","revision","","revision","none"
"rel_49603","2012-06-01 00:00:00","49603","640272","SA",""," A/1565/94 z 30.12.1994","śląskie","Katowice","Katowice","Katowice","90996","revision","Willa","revision","ul. Powstańców 23","revision","IX-08","revision","50.2518835","19.0224332","revision","","revision","none"
"rel_49606","2012-06-01 00:00:00","49606","640275","SA",""," A/1461/92 z 07.05.1992","śląskie","Katowice","Katowice","Katowice","90996","revision","Kamienica inż. J. Piechulka","revision","ul. Raciborska 48","revision","1932","revision","50.2543601","19.0016537","revision","","revision","none"
"rel_49760","2012-06-01 00:00:00","49760","640429","OZ","49758"," A/82/03 z 3.03.2003","śląskie","Katowice","Katowice","Katowice","90996","revision","Budynek gospodarczy","revision","ul. Przyjemna 8","revision","1907-1912","revision","50.2200632","19.0690602","revision","","revision","none"
"rel_49564","2012-06-01 00:00:00","49564","640233","SA",""," A-1566/94 z 30.12.1994","śląskie","Katowice","Katowice","Katowice","90996","revision","Kamienica","revision","ul. Dyrekcyjna 10","revision","1906","revision","50.2589106","19.0229785","revision","","revision","none"
"rel_70568","2012-06-01 00:00:00","70568","698339","SA",""," A/120/04 z 13.08.2004","śląskie","Katowice","Katowice","Katowice","90996","revision","Kamienica z 3 oficynami","revision","ul. Moniuszki 5","revision","pocz. XX","revision","50.2606452","19.023602","revision","","revision","none"
"rel_70571","2012-06-01 00:00:00","70571","698342","OZ","70570"," A/146/05 z 22.04.2005","śląskie","Katowice","Katowice","Katowice","90996","revision","Dom","revision","ul. Agaty 5","revision","1907-1912","revision","50.2229013","19.0726265","revision","","revision","none"
"rel_70574","2012-06-01 00:00:00","70574","698345","OZ","70573"," A/114/04 z 1.03.2004","śląskie","Katowice","Katowice","Katowice","90996","revision","Dom","revision","ul. Antoniego 3","revision","1907-1912","revision","50.2207706","19.0737237","revision","","revision","none"
"rel_70577","2012-06-01 00:00:00","70577","698349","OZ","70576"," A/151/05 z 3.10.2005","śląskie","Katowice","Katowice","Katowice","90996","revision","Dom","revision"," ul. Górniczego Stanu 37/39","revision","1907-1912","revision","50.218828","19.067695","revision","","revision","none"
"rel_70580","2012-06-01 00:00:00","70580","698353","OZ","70579"," A/112/04 z 16.02.2004","śląskie","Katowice","Katowice","Katowice","90996","revision","Dom","revision"," ul. Mysłowicka 70/72","revision","1907-1912","revision","50.2254861","19.0674866","revision","","revision","none"
"rel_70581","2012-06-01 00:00:00","70581","698354","OZ","70579"," A/112/04 z 16.02.2004","śląskie","Katowice","Katowice","Katowice","90996","revision","Budynek gospodarczy","revision"," ul. Mysłowicka 70/72","revision","1907-1912","revision","50.2254861","19.0674866","revision","","revision","none"
"rel_70710","2012-06-01 00:00:00","70710","701128","OZ","49791"," A/1557/94 z 30.12.1994","śląskie","Katowice","Katowice","Katowice","90996","revision","Grupa rzeżb: Adoracja Krzyża i Pieta","revision","pl. Powstańców 3","revision","XIX/XX","revision","50.2523708","19.0162101","revision","","revision","none"
"rel_74338","2012-06-01 00:00:00","74338","730447","SA",""," A/36/00 z 11.12.2000","śląskie","Katowice","Katowice","Katowice","90996","revision","Dom urzędniczy","revision"," ul. Radosna 1 / Gościnna","revision","1907-1910","revision","50.2648919","19.0237815","revision","","revision","none"
"rel_74321","2012-06-01 00:00:00","74321","730405","SA",""," A/289/09 z 3.12.2009","śląskie","Katowice","Katowice","Katowice","90996","revision","Kamienica (bryła i elewacja frontowa)","revision","ul. Reymonta 6","revision","po 1930","revision","50.2550182","19.0267362","revision","","revision","none"
"rel_74322","2012-06-01 00:00:00","74322","730406","SA",""," A/1680/09 z 17.12.1997","śląskie","Katowice","Katowice","Katowice","90996","revision","4 kamienice (blok)","revision"," ul. Rybnicka 8/10/12/14","revision","po 1923","revision","50.2508404","19.0244525","revision","","revision","none"
"rel_74333","2012-06-01 00:00:00","74333","730435","SA",""," A/43/00 z 11.12.2000","śląskie","Katowice","Katowice","Katowice","90996","revision","Ratusz, ob. przychodnia","revision","ul. Le Ronda 16","revision","1907","revision","50.2770056","19.0668628","revision","","revision","none"
"rel_74337","2012-06-01 00:00:00","74337","730442","SA",""," A/33/01 z 11.12.2000","śląskie","Katowice","Katowice","Katowice","90996","revision","Dom urzędniczy","revision","ul. Gościnna 7","revision","1907-1912","revision","50.2243451","19.0679354","revision","","revision","none"
"rel_74323","2012-06-01 00:00:00","74323","730413","SA",""," A/40/00 z 11.12.2000","śląskie","Katowice","Katowice","Katowice","90996","revision","Kamienica","revision","pl. Szewczyka 1","revision","1891-1900","revision","50.2594722","19.0184615","revision","","revision","none"
"rel_74332","2012-06-01 00:00:00","74332","730432","OZ","74328"," A/115/04 z 20.04.2004","śląskie","Katowice","Katowice","Katowice","90996","revision","Cmentarz kościelny (działka w obrębie ogrodzenia)","revision","ul. Chorzowska 160","revision","","revision","50.2702992","18.9960775","revision","","revision","none"
"rel_74320","2012-06-01 00:00:00","74320","730403","OZ","74318"," A/1663/97 z 15.12.1997","śląskie","Katowice","Katowice","Katowice","90996","revision","Budynek, tzw. Nowy","revision","ul. Św. Andrzeja 16","revision","1913","revision","50.2569597","19.0138606","revision","","revision","none"
"rel_74325","2012-06-01 00:00:00","74325","730422","OZ","74324"," A/16/99 z 25.05.1999","śląskie","Katowice","Katowice","Katowice","90996","revision","Budynek nadszybowy","revision","ul. Kopalniana 6","revision","1881-1883","revision","50.2633223","19.0342383","revision","","revision","none"
"rel_74326","2012-06-01 00:00:00","74326","730423","OZ","74324"," A/16/99 z 25.05.1999","śląskie","Katowice","Katowice","Katowice","90996","revision","Maszynownia","revision","ul. Kopalniana 6","revision","1893-1895","revision","50.2633223","19.0342383","revision","","revision","none"
"rel_74327","2012-06-01 00:00:00","74327","730424","OZ","74324"," A/16/99 z 25.05.1999","śląskie","Katowice","Katowice","Katowice","90996","revision","Budynek siłowni","revision","ul. Kopalniana 6","revision","1893-1895","revision","50.2633223","19.0342383","revision","","revision","none"
"rel_74331","2012-06-01 00:00:00","74331","730431","OZ","74328"," A/115/04 z 20.04.2004","śląskie","Katowice","Katowice","Katowice","90996","revision","Plebania","revision","ul. Chorzowska 160","revision","1897-1899","revision","50.2702992","18.9960775","revision","","revision","none"
"rel_74335","2012-06-01 00:00:00","74335","730439","OZ","74334"," A/47/01 z 10.07.2001","śląskie","Katowice","Katowice","Katowice","90996","revision","Dom dwurodzinny","revision","ul. Gościnna 1","revision","1907-1912","revision","50.2246328","19.0683269","revision","","revision","none"
"rel_74878","2012-06-01 00:00:00","74878","740964","OZ","74875"," A/301/10 z 13.04.2010","śląskie","Katowice","Katowice","Katowice","90996","revision","Pływalnia z bydynkiem zaplecza","revision","ul. Mikołowska 26","revision","1949-1951","revision","50.2548327","19.0111792","revision","","revision","none"
"rel_74880","2012-06-01 00:00:00","74880","740966","OZ","74875"," A/301/10 z 13.04.2010","śląskie","Katowice","Katowice","Katowice","90996","revision","Sala gimnastyczna z łącznikiem","revision","ul. Mikołowska 26","revision","1949-1951","revision","50.2548327","19.0111792","revision","","revision","none"
"rel_74881","2012-06-01 00:00:00","74881","740967","OZ","74875"," A/301/10 z 13.04.2010","śląskie","Katowice","Katowice","Katowice","90996","revision","Teatr z zapleczem","revision","ul. Mikołowska 26","revision","1949-1951","revision","50.2548327","19.0111792","revision","","revision","none"
"rel_74883","2012-06-01 00:00:00","74883","740969","OZ","74875"," A/301/10 z 13.04.2010","śląskie","Katowice","Katowice","Katowice","90996","revision","Ogrodzenie","revision","ul. Mikołowska 26","revision","1949-1951","revision","50.2548327","19.0111792","revision","","revision","none"
"rel_74884","2012-06-01 00:00:00","74884","740970","OZ","74875"," A/301/10 z 13.04.2010","śląskie","Katowice","Katowice","Katowice","90996","revision","Dom mieszkalny","revision","ul.Żwirki i Wigury 32","revision","1948-1951","revision","50.2549801","19.0117424","revision","","revision","none"
"rel_74885","2012-06-01 00:00:00","74885","740971","SA",""," A/58/01 z 31.12.2001","śląskie","Katowice","Katowice","Katowice","90996","revision","Dom dwurodzinny","revision","ul. Antoniego 4","revision","1907-1912","revision","50.2206189","19.073423","revision","","revision","none"
"rel_74886","2012-06-01 00:00:00","74886","740973","SA",""," A/58/01 z 31.12.2001","śląskie","Katowice","Katowice","Katowice","90996","revision","Dom czterorodzinny","revision","ul. Ewy 1","revision","1907-1912","revision","50.2205296","19.0714241","revision","","revision","none"
"rel_74879","2012-06-01 00:00:00","74879","740965","OZ","74875"," A/301/10 z 13.04.2010","śląskie","Katowice","Katowice","Katowice","90996","revision","Budynek administracyjny","revision","ul. Mikołowska 26","revision","1949-1951","revision","50.2548327","19.0111792","revision","","revision","none"
"rel_49829","2012-06-01 00:00:00","49829","640501","OZ","49827"," A/1567/94 z 30.12.1994","śląskie","Katowice","Katowice","Katowice","90996","revision","Przedszkole","revision","ul. Staszica 2","revision","po 1890","revision","50.2604655","19.0516486","revision","","revision","none"
"rel_49542","2012-06-01 00:00:00","49542","640211","OZ","49540"," A/1414/90 z 29.10.1990","śląskie","Katowice","Katowice","Katowice","90996","revision","Budynek pogrzebowy","revision","ul. Kozielska 16","revision","1869","revision","50.2560974","19.0083736","revision","","revision","none"
"rel_49557","2012-06-01 00:00:00","49557","640226","OZ","49552"," A-1218/75 z 18.12.1985","śląskie","Katowice","Katowice","Katowice","90996","revision","Poczekalnia","revision","ul. Dworcowa - 15 Grudnia - Mielęckiego","revision","1906","revision","50.2648919","19.0237815","revision","","revision","none"
"rel_49576","2012-06-01 00:00:00","49576","640245","SA",""," A/1615/95 z 15.09.1995","śląskie","Katowice","Katowice","Katowice","90996","revision","Kamienica","revision"," ul. Kordeckiego 1/1 a","revision","kon. XIX","revision","50.2570911","19.0143932","revision","","revision","none"
"rel_49579","2012-06-01 00:00:00","49579","640248","SA",""," A/1390/89 z 23.10.1989","śląskie","Katowice","Katowice","Katowice","90996","revision","Kamienica","revision"," ul. 3 Maja 6/8","revision","VII-03","revision","50.2593617","19.0211061","revision","","revision","none"
"rel_49580","2012-06-01 00:00:00","49580","640249","SA",""," 1306/83 z 07.07.1983","śląskie","Katowice","Katowice","Katowice","90996","revision","Kamienica","revision","ul. 3 Maja 15 / Stawowa 13","revision","kon. XIX","revision","50.2648919","19.0237815","revision","","revision","none"
"rel_49594","2012-06-01 00:00:00","49594","640263","OZ","49589"," A-1270/81 z 07.12.1981","śląskie","Katowice","Katowice","Katowice","90996","revision","Budynek mieszkalny I, ob. biurowy","revision","ul. Mikołowska 10","revision","XIX/XX","revision","50.2561807","19.0134994","revision","","revision","none"
"rel_49651","2012-06-01 00:00:00","49651","640320","SA",""," A/1489/92 z 11.08.1992","śląskie","Katowice","Katowice","Katowice","90996","revision","Kamienica","revision"," pl. Wolności 9 / Sądowa 2","revision","1901","revision","50.2598276","19.0118955","revision","","revision","none"
"rel_49658","2012-06-01 00:00:00","49658","640327","SA",""," A/1559/94 z 30.12.1994","śląskie","Katowice","Katowice","Katowice","90996","revision","Urząd Skarbowy","revision"," ul. Żwirki i Wigury 15-17 / Skłodowskiej-Curie","revision","1930-1932","revision","50.2648919","19.0237815","revision","","revision","none"
"rel_49659","2012-06-01 00:00:00","49659","640328","SA",""," 1365/88 z 26.05.1988","śląskie","Katowice","Katowice","Katowice","90996","revision","Kościół par. p.w. św. Szczepana","revision"," ul. Leopolda / Markiefki","revision","1892-1894","revision","50.2660758","19.0410774","revision","","revision","none"
"rel_49661","2012-06-01 00:00:00","49661","640330","OZ","49660"," 1367/88 z 26.05.1988","śląskie","Katowice","Katowice","Katowice","90996","revision","Konwent bonifratrów z kaplicą","revision","ul. Markiefki 85-87","revision","1827-1874","revision","50.2684279","19.0397043","revision","","revision","none"
"rel_49671","2012-06-01 00:00:00","49671","640340","OZ","49670"," 1368/88 z 26.05.1988","śląskie","Katowice","Katowice","Katowice","90996","revision","Dom zgromadzenia ss. św. Jadwigi","revision","ul. Leopolda 1-3","revision","1858-1931","revision","50.2698509","19.0381316","revision","","revision","none"
"rel_49686","2012-06-01 00:00:00","49686","640355","OZ","49684"," A/31/00 z 11.12.2000","śląskie","Katowice","Katowice","Katowice","90996","revision","Budynek gospodarczy","revision","ul. Barbórki 1","revision","1907-1912","revision","50.2210153","19.0681286","revision","","revision","none"
"rel_49693","2012-06-01 00:00:00","49693","640362","SA",""," A/50/01 z 10.11.2001","śląskie","Katowice","Katowice","Katowice","90996","revision","Dom nauczycielski","revision","ul. Działkowa 28","revision","1907-1910","revision","50.2216622","19.0707305","revision","","revision","none"
"rel_49823","2012-06-01 00:00:00","49823","640495","SA",""," A-1236/78 z 08.09.1978","śląskie","Katowice","Katowice","Katowice","90996","revision","Kościół par. p.w. św. Józefa","revision","ul. Gliwicka","revision","1898-1900","revision","50.2673698","18.9859318","revision","","revision","none"
"rel_74339","2012-06-01 00:00:00","74339","730451","SA",""," A/1664/97 z 15.12.1997","śląskie","Katowice","Katowice","Katowice","90996","revision","Budynek zarządu S.A. Hohenlohe, ob. sąd apelacyjny","revision"," al. Korfantego 117/119","revision","1095","revision","50.2776253","19.0227827","revision","","revision","none"
"rel_76271","2012-06-01 00:00:00","76271","764771","SA",""," A/321/10 z 23.11.2010","śląskie","Katowice","Katowice","Katowice","90996","revision","Wieża wyciągowa z budynkami nadszybia i masynowni szybu WSCHODNIEGO II KWK KLEOFAS","revision","ul. Bocheńskiego","revision","1913-1921","revision","50.2587181","18.9853394","revision","","revision","none"
"rel_49607","2012-06-01 00:00:00","49607","640276","SA",""," A/1635/97 z 07.02.1997","śląskie","Katowice","Katowice","Katowice","90996","revision","Kamienica","revision","ul. Rybnicka 3","revision","1923","revision","50.2508073","19.0252606","revision","","revision","none"
"rel_49608","2012-06-01 00:00:00","49608","640277","SA",""," A/1635/97 z 07.02.1997","śląskie","Katowice","Katowice","Katowice","90996","revision","Kamienica","revision","ul. Rybnicka 5","revision","1923","revision","50.2505729","19.0252291","revision","","revision","none"
"rel_49609","2012-06-01 00:00:00","49609","640278","SA",""," A/1635/97 z 07.02.1997","śląskie","Katowice","Katowice","Katowice","90996","revision","Kamienica","revision","ul. Rybnicka 7","revision","1923","revision","50.2503098","19.0251986","revision","","revision","none"
"rel_49612","2012-06-01 00:00:00","49612","640281","SA",""," 1303/83 z 07.07.1983","śląskie","Katowice","Katowice","Katowice","90996","revision","Kamienica","revision","ul. Słowackiego 22 / 3 Maja 40","revision","pocz. XX","revision","50.2648919","19.0237815","revision","","revision","none"
"rel_49613","2012-06-01 00:00:00","49613","640282","SA",""," A/1543/94 z 01.03.1994","śląskie","Katowice","Katowice","Katowice","90996","revision","Kamienica","revision","ul. Słowackiego 39","revision","1905","revision","50.2592036","19.0156422","revision","","revision","none"
"rel_49618","2012-06-01 00:00:00","49618","640287","OZ","49616"," A/1548/94 z 03.10.1994","śląskie","Katowice","Katowice","Katowice","90996","revision","Ogród","revision","ul. Sokolska 8 / Zabrska","revision","1900","revision","50.2648919","19.0237815","revision","","revision","none"
"rel_49620","2012-06-01 00:00:00","49620","640289","OZ","49619"," A/1407/92 z 05.08.1990","śląskie","Katowice","Katowice","Katowice","90996","revision","Willa","revision","ul. Stalmacha 17","revision","1924","revision","50.2533411","19.0124304","revision","","revision","none"
"rel_49621","2012-06-01 00:00:00","49621","640290","OZ","49619"," A/1484/92 z 11.08.1992","śląskie","Katowice","Katowice","Katowice","90996","revision","Ogród","revision","ul. Stalmacha 17","revision","1924","revision","50.2533411","19.0124304","revision","","revision","none"
"rel_49622","2012-06-01 00:00:00","49622","640291","SA",""," A/1442/91 z 31.10.1991","śląskie","Katowice","Katowice","Katowice","90996","revision","Kamienica","revision","ul. Staromiejska 2","revision","1894","revision","50.2587347","19.0223376","revision","","revision","none"
"rel_49623","2012-06-01 00:00:00","49623","640292","SA",""," A/1544/94 z 29.08.1994","śląskie","Katowice","Katowice","Katowice","90996","revision","Kamienica","revision","ul. Staromiejska 6","revision","1904-1906","revision","50.2586802","19.0227928","revision","","revision","none"
"rel_49625","2012-06-01 00:00:00","49625","640294","SA",""," A/1678/97 z 17.12.1997","śląskie","Katowice","Katowice","Katowice","90996","revision","Kamienica","revision","ul. Stawowa 4","revision","1906","revision","50.2605947","19.0184748","revision","","revision","none"
"rel_49632","2012-06-01 00:00:00","49632","640301","SA",""," A/1389/89 z 23.10.1989","śląskie","Katowice","Katowice","Katowice","90996","revision","Dom, ob. bank (dec. Bank Śląski)","revision","ul. Warszawska 14","revision","1906","revision","50.2591169","19.0256232","revision","","revision","none"
"rel_49699","2012-06-01 00:00:00","49699","640368","OZ","49697"," A/32/00 z 11.12.2000","śląskie","Katowice","Katowice","Katowice","90996","revision","Budynek gospodarczy","revision","ul. Gościnna 4","revision","1907-1912","revision","50.2240043","19.0679106","revision","","revision","none"
"rel_49627","2012-06-01 00:00:00","49627","640296","SA",""," A/1561/94 z 30.12.1994","śląskie","Katowice","Katowice","Katowice","90996","revision","Kamienica","revision","ul. Warszawska 1","revision","1874","revision","50.259256","19.0228049","revision","","revision","none"
"rel_49568","2012-06-01 00:00:00","49568","640237","SA",""," A-1232/78 z 19.08.1978","śląskie","Katowice","Katowice","Katowice","90996","revision","Gmach Sejmu Śląskiego, ob. urząd wojewódzki","revision","ul. Jagiellońska 25","revision","1925-1932","revision","50.2536352","19.0250953","revision","","revision","none"
"rel_49702","2012-06-01 00:00:00","49702","640371","OZ","49700"," A/86/03 z 11.12.2003","śląskie","Katowice","Katowice","Katowice","90996","revision","Budynek gospodarczy","revision"," ul. Górniczego Stanu 49/51","revision","1907-1912","revision","50.2190396","19.0693574","revision","","revision","none"
"rel_49713","2012-06-01 00:00:00","49713","640382","OZ","49712"," A/34/00 z 11.12.2000","śląskie","Katowice","Katowice","Katowice","90996","revision","Dom","revision","ul. Kwiatowa 26","revision","1907-1912","revision","50.2235235","19.0716312","revision","","revision","none"
"rel_49720","2012-06-01 00:00:00","49720","640389","OZ","49718"," A/64/01 z 31.12.2001","śląskie","Katowice","Katowice","Katowice","90996","revision","Budynek gospodarczy","revision","ul. Pod Kasztanami 11","revision","1907-1912","revision","50.2222244","19.0739405","revision","","revision","none"
"rel_49754","2012-06-01 00:00:00","49754","640423","OZ","49752"," A/24/00 z 16.10.2000","śląskie","Katowice","Katowice","Katowice","90996","revision","Budynek gospodarczy","revision","ul. Przyjemna 4","revision","1907-1912","revision","50.2198439","19.0675153","revision","","revision","none"
"rel_49769","2012-06-01 00:00:00","49769","640438","OZ","49767"," A/27/00 z 16.10.2000","śląskie","Katowice","Katowice","Katowice","90996","revision","Budynek gospodarczy","revision","ul. Przyjemna 16","revision","1907-1912","revision","50.2197672","19.067091","revision","","revision","none"
"rel_49789","2012-06-01 00:00:00","49789","640458","OZ","49786"," 1202/73 z 19.02.1973","śląskie","Katowice","Katowice","Katowice","90996","revision","Ogród (park)","revision","","revision","1905-1908","revision","50.2648919","19.0237815","revision","","revision","none"
"rel_49803","2012-06-01 00:00:00","49803","640472","OZ","49799"," A/1506/92 z 13.11.1992","śląskie","Katowice","Katowice","Katowice","90996","revision","Kotłownia z maszynownią I","revision","ul. Lwowska 2 a - 6","revision","po 1880","revision","50.2622028","19.0947141","revision","","revision","none"
"rel_49805","2012-06-01 00:00:00","49805","640474","OZ","49799"," A/1506/92 z 13.11.1992","śląskie","Katowice","Katowice","Katowice","90996","revision","Piwiarnia, ob. budynek administracyjny","revision","ul. Lwowska 2 a - 6","revision","po 1880","revision","50.2622028","19.0947141","revision","","revision","none"
"rel_49817","2012-06-01 00:00:00","49817","640489","OZ","49814"," A-1228/78 z 19.08.1978","śląskie","Katowice","Katowice","Katowice","90996","revision","Cechownia","revision","pl. Zwycięstwa 1-13","revision","po 1869","revision","50.3277365","19.0216519","revision","","revision","none"
"rel_74877","2012-06-01 00:00:00","74877","740963","OZ","74875"," A/301/10 z 13.04.2010","śląskie","Katowice","Katowice","Katowice","90996","revision","Budynek dydaktyczny","revision","ul. Mikołowska 26","revision","1949-1951","revision","50.2548327","19.0111792","revision","","revision","none"
"rel_49615","2012-06-01 00:00:00","49615","640284","SA",""," A/1460/92 z 07.05.1992","śląskie","Katowice","Katowice","Katowice","90996","revision","Gmach Filharmonii Śląskiej","revision","ul. Sokolska 2","revision","1880","revision","50.260627","19.0138976","revision","","revision","none"
"rel_49626","2012-06-01 00:00:00","49626","640295","SA",""," A/1608/95 z 31.05.1995","śląskie","Katowice","Katowice","Katowice","90996","revision","Kamienica","revision","ul. Wita Stwosza 3","revision","1910","revision","50.253904","19.0185458","revision","","revision","none"
"rel_49628","2012-06-01 00:00:00","49628","640297","SA",""," A/1449/91 z 30.12.1991","śląskie","Katowice","Katowice","Katowice","90996","revision","Kamienica","revision","ul. Warszawska 2","revision","1908","revision","50.2590958","19.0239313","revision","","revision","none"
"rel_49629","2012-06-01 00:00:00","49629","640298","SA",""," A/1391/89 z 23.10.1989","śląskie","Katowice","Katowice","Katowice","90996","revision","Kamienica","revision","ul. Warszawska 6","revision","1897","revision","50.2594029","19.0240686","revision","","revision","none"
"rel_49630","2012-06-01 00:00:00","49630","640299","SA",""," A/1386/89 z 10.10.1989","śląskie","Katowice","Katowice","Katowice","90996","revision","Bank Spółek Zarobkowych, ob. NBP","revision","ul. Warszawska 7","revision","1923","revision","50.2588983","19.0241919","revision","","revision","none"
"rel_49644","2012-06-01 00:00:00","49644","640313","SA",""," A/1233/78 z 19.08.1978","śląskie","Katowice","Katowice","Katowice","90996","revision","Szkoła,  ob. Wyższa Szkoła Muzyczna","revision","ul. Wojewódzka 33","revision","","revision","50.2554245","19.0300515","revision","","revision","none"
"rel_49631","2012-06-01 00:00:00","49631","640300","SA",""," A/1392/89 z 23.10.1989","śląskie","Katowice","Katowice","Katowice","90996","revision","Bank, ob. Powszechny Bank Gospodarczy","revision","ul. Warszawska 8","revision","1928","revision","50.2593165","19.0245367","revision","","revision","none"
"rel_49633","2012-06-01 00:00:00","49633","640302","SA",""," A/1432/91 z 30.08.1991","śląskie","Katowice","Katowice","Katowice","90996","revision","Kamienica","revision","ul. Warszawska 30","revision","1870","revision","50.258377","19.0298033","revision","","revision","none"
"rel_49634","2012-06-01 00:00:00","49634","640303","SA",""," A/1570/95 z 31.05.1995","śląskie","Katowice","Katowice","Katowice","90996","revision","Kamienica","revision","ul. Warszawska 31","revision","1902","revision","50.2581634","19.028734","revision","","revision","none"
"rel_49635","2012-06-01 00:00:00","49635","640304","SA",""," A/1438/91 z 31.10.1991","śląskie","Katowice","Katowice","Katowice","90996","revision","Kamienica","revision","ul. Warszawska 35","revision","1894","revision","50.2580523","19.0293162","revision","","revision","none"
"rel_49639","2012-06-01 00:00:00","49639","640308","SA",""," 1335/85 z 21.05.1985","śląskie","Katowice","Katowice","Katowice","90996","revision","Willa, ob. przychodnia rejonowa","revision","ul. Warszawska 42","revision","1870","revision","50.2580557","19.0320475","revision","","revision","none"
"rel_49640","2012-06-01 00:00:00","49640","640309","SA",""," A/1488/92 z 11.08.1992","śląskie","Katowice","Katowice","Katowice","90996","revision","Kamienica","revision","ul. Warszawska 45","revision","1857; 1936","revision","50.2575582","19.0319","revision","","revision","none"
"rel_49641","2012-06-01 00:00:00","49641","640310","SA",""," 1336/85 z 21.05.1985","śląskie","Katowice","Katowice","Katowice","90996","revision","Szpital ss. elżbietanek","revision","ul. Warszawska 52","revision","1907-1912","revision","50.2576687","19.0336525","revision","","revision","none"
"rel_49642","2012-06-01 00:00:00","49642","640311","SA",""," A/1549/94 z 14.11.1994","śląskie","Katowice","Katowice","Katowice","90996","revision","Kamienica","revision","ul. Warszawska 57","revision","1937","revision","50.2572575","19.033773","revision","","revision","none"
"rel_49643","2012-06-01 00:00:00","49643","640312","SA",""," A/1480/92 z 04.08.1992","śląskie","Katowice","Katowice","Katowice","90996","revision","Kamienica","revision","ul. Wojewódzka 29","revision","1 ćw. XX","revision","50.2556833","19.0280222","revision","","revision","none"
"rel_49645","2012-06-01 00:00:00","49645","640314","SA",""," A/1346/87 z 08.04.1987","śląskie","Katowice","Katowice","Katowice","90996","revision","Willa","revision","ul. Wojewódzka 42","revision","1896","revision","50.2560832","19.0267392","revision","","revision","none"
"rel_49646","2012-06-01 00:00:00","49646","640315","SA",""," A/1408/90 z 05.08.1990","śląskie","Katowice","Katowice","Katowice","90996","revision","Kamienica","revision","ul. Wojewódzka 50","revision","1909","revision","50.2560046","19.0284849","revision","","revision","none"
"rel_49657","2012-06-01 00:00:00","49657","640326","SA",""," A/1472/92 z 02.07.1992","śląskie","Katowice","Katowice","Katowice","90996","revision","Kamienica","revision","ul. Zacisze 1","revision","1937","revision","50.2555522","19.029242","revision","","revision","none"
"rel_49781","2012-06-01 00:00:00","49781","640450","OZ","49779"," A/1384/89 z 20.03.1989","śląskie","Katowice","Katowice","Katowice","90996","revision","Sortownia","revision","ul. Szopienicka","revision","1903-1911","revision","50.2411759","19.078509","revision","","revision","none"
"rel_49782","2012-06-01 00:00:00","49782","640451","OZ","49779"," A/1384/89 z 20.03.1989","śląskie","Katowice","Katowice","Katowice","90996","revision","Maszynownia","revision","ul. Szopienicka","revision","1903-1911","revision","50.2411759","19.078509","revision","","revision","none"
"rel_49783","2012-06-01 00:00:00","49783","640452","OZ","49779"," A/1384/89 z 20.03.1989","śląskie","Katowice","Katowice","Katowice","90996","revision","Kuźnia i warsztat mechaniczny","revision","ul. Szopienicka","revision","1903-1911","revision","50.2411759","19.078509","revision","","revision","none"
"rel_49784","2012-06-01 00:00:00","49784","640453","OZ","49779"," A/1384/89 z 20.03.1989","śląskie","Katowice","Katowice","Katowice","90996","revision","Stolarnia","revision","ul. Szopienicka","revision","1903-1911","revision","50.2411759","19.078509","revision","","revision","none"
"rel_49785","2012-06-01 00:00:00","49785","640454","OZ","49779"," A/1384/89 z 20.03.1989","śląskie","Katowice","Katowice","Katowice","90996","revision","Cechownia i łaźnia","revision","ul. Szopienicka","revision","1903-1911","revision","50.2411759","19.078509","revision","","revision","none"
"rel_49790","2012-06-01 00:00:00","49790","640459","SA",""," A/1321/84 z 20.02.1984","śląskie","Katowice","Katowice","Katowice","90996","revision","Most na rzece Mlecznej","revision","ul. Zaopusta","revision","kon. XIX","revision","50.1732432","18.9715748","revision","","revision","none"
"rel_49828","2012-06-01 00:00:00","49828","640500","OZ","49827"," A/1567/94 z 30.12.1994","śląskie","Katowice","Katowice","Katowice","90996","revision","Szkoła","revision","ul. Staszica 2","revision","po 1890","revision","50.2604655","19.0516486","revision","","revision","none"
"rel_70584","2012-06-01 00:00:00","70584","698360","OZ","70582"," A/147/05 z 25.07.2005","śląskie","Katowice","Katowice","Katowice","90996","revision","Budynek gospodarczy","revision","ul. Przyjemna 17","revision","1907-1912","revision","50.2196609","19.0666272","revision","","revision","none"
"rel_74882","2012-06-01 00:00:00","74882","740968","OZ","74875"," A/301/10 z 13.04.2010","śląskie","Katowice","Katowice","Katowice","90996","revision","Rozdzielnia elektryczna","revision","ul. Mikołowska 26","revision","1949-1951","revision","50.2548327","19.0111792","revision","","revision","none"
"rel_49664","2012-06-01 00:00:00","49664","640333","OZ","49663"," A/1496/92 z 04.09.1992","śląskie","Katowice","Katowice","Katowice","90996","revision","Cmentarz parafialny","revision","ul. Wróblewskiego","revision","XIX/XX","revision","50.267007","19.042373","revision","","revision","none"
"rel_49665","2012-06-01 00:00:00","49665","640334","OZ","49663"," A/1366/88 z 26.03.1988","śląskie","Katowice","Katowice","Katowice","90996","revision","Kaplica cmentarna","revision","ul. Wróblewskiego","revision","2 poł. XIX","revision","50.267007","19.042373","revision","","revision","none"
"rel_49666","2012-06-01 00:00:00","49666","640335","OZ","49663"," A/1496/92 z 04.09.1992","śląskie","Katowice","Katowice","Katowice","90996","revision","Kaplica Ogrójca","revision","ul. Wróblewskiego","revision","1894","revision","50.267007","19.042373","revision","","revision","none"
"rel_49676","2012-06-01 00:00:00","49676","640345","OZ","49675"," A/1562/94 z 30.12.1994","śląskie","Katowice","Katowice","Katowice","90996","revision","Dwór","revision","ul. Żyzna 1-2","revision","2 poł. XIX","revision","50.2778514","19.0731912","revision","","revision","none"
"rel_49677","2012-06-01 00:00:00","49677","640346","OZ","49675"," A/1562/94 z 30.12.1994","śląskie","Katowice","Katowice","Katowice","90996","revision","Budynek gospodarczy","revision","ul. Żyzna 1-2","revision","2 poł. XIX","revision","50.2778514","19.0731912","revision","","revision","none"
"rel_49678","2012-06-01 00:00:00","49678","640347","OZ","49675"," A/1562/94 z 30.12.1994","śląskie","Katowice","Katowice","Katowice","90996","revision","Ogród z 2 alejami kasztanowców","revision","ul. Żyzna 1-2","revision","2 poł. XIX","revision","50.2778514","19.0731912","revision","","revision","none"
"rel_49775","2012-06-01 00:00:00","49775","640444","OZ","49773"," A/84/03 z 13.03.2003","śląskie","Katowice","Katowice","Katowice","90996","revision","Budynek gospodarczy","revision","ul. Wesołowska 1","revision","1907-1912","revision","50.2209112","19.0688039","revision","","revision","none"
"rel_49669","2012-06-01 00:00:00","49669","640338","OZ","49663"," A/1496/92 z 04.09.1992","śląskie","Katowice","Katowice","Katowice","90996","revision","Ogrodzenie z bramami","revision","ul. Wróblewskiego - Podhalańska","revision","","revision","50.2648919","19.0237815","revision","","revision","none"
"rel_74319","2012-06-01 00:00:00","74319","730402","OZ","74318"," A/1663/97 z 15.12.1997","śląskie","Katowice","Katowice","Katowice","90996","revision","Budynek, tzw. Stary","revision","ul. Św. Andrzeja 18","revision","1889","revision","50.2564881","19.0150425","revision","","revision","none"
"rel_49515","2012-06-01 00:00:00","49515","640184","SA",""," A/1658/97 z 15.12.1997","śląskie","Katowice","Katowice","Katowice","90996","revision","Katedra p.w. Chrystusa Króla","revision","ul. Plebiscytowa 49","revision","1927-1954","revision","50.2512536","19.0198248","revision","","revision","none"
"rel_49526","2012-06-01 00:00:00","49526","640195","OZ","49525"," A-1285/82 z 02.02.1982","śląskie","Katowice","Katowice","Katowice","90996","revision","Kościół ewangelicko-augsburski","revision","ul. Warszawska 18","revision","kon. XIX","revision","50.2590289","19.0269219","revision","","revision","none"
"rel_49549","2012-06-01 00:00:00","49549","640218","OZ","49546"," A/1515/93 z 26.02.1993","śląskie","Katowice","Katowice","Katowice","90996","revision","Muszla koncertowa","revision","ul. Kościuszki - Górnośląska - Piękna","revision","1927","revision","50.2648919","19.0237815","revision","","revision","none"
"rel_49566","2012-06-01 00:00:00","49566","640235","SA",""," A/1437/91 z 31.10.1991","śląskie","Katowice","Katowice","Katowice","90996","revision","Biblioteka Śląska","revision","ul. Francuska 12","revision","1934","revision","50.2560911","19.0279012","revision","","revision","none"
"rel_49570","2012-06-01 00:00:00","49570","640239","SA",""," A/1393/89 z 23.10.1989","śląskie","Katowice","Katowice","Katowice","90996","revision","Kamienica","revision","ul. Św. Jana 6 / Staromiejska","revision","pocz. XX","revision","50.2648919","19.0237815","revision","","revision","none"
"rel_49638","2012-06-01 00:00:00","49638","640307","OZ","49636"," A/1439/91 z 31.10.1991","śląskie","Katowice","Katowice","Katowice","90996","revision","Ogród","revision","ul. Warszawska 37","revision","1875","revision","50.2579576","19.0296453","revision","","revision","none"
"rel_49736","2012-06-01 00:00:00","49736","640405","OZ","49734"," A/60/02 z 7.03.2002","śląskie","Katowice","Katowice","Katowice","90996","revision","Budynek gospodarczy","revision","ul. Przyjazna 14","revision","1907-1912","revision","50.2201507","19.0708261","revision","","revision","none"
"rel_49742","2012-06-01 00:00:00","49742","640411","OZ","49740"," A/29/00 z 16.10.2000","śląskie","Katowice","Katowice","Katowice","90996","revision","Budynek gospodarczy","revision","ul. Przyjazna 18","revision","1907-1912","revision","50.2202323","19.0707931","revision","","revision","none"
"rel_49807","2012-06-01 00:00:00","49807","640476","OZ","49799"," A/1506/92 z 13.11.1992","śląskie","Katowice","Katowice","Katowice","90996","revision","Remiza straży pożarnej,  ob. budynek mieszkalny","revision","ul. Lwowska 2 a - 6","revision","po 1880","revision","50.2622028","19.0947141","revision","","revision","none"
"rel_49517","2012-06-01 00:00:00","49517","640186","OZ","49516"," 1179/71 z 09.03.1971","śląskie","Katowice","Katowice","Katowice","90996","revision","Kościół fil. p.w. św. Michała (w parku Kościuszki)","revision","","revision","1510","revision","50.2648919","19.0237815","revision","","revision","none"
"rel_49521","2012-06-01 00:00:00","49521","640190","OZ","49520"," A/1483/92 z 11.08.1992","śląskie","Katowice","Katowice","Katowice","90996","revision","Kościół par. p.w. śś. Piotra i Pawła","revision","ul. Mikołowska 32-34","revision","1898-1902","revision","50.2537389","19.0101194","revision","","revision","none"
"rel_49535","2012-06-01 00:00:00","49535","640204","OZ","49528"," A/1516/93 z 26.02.1993","śląskie","Katowice","Katowice","Katowice","90996","revision","Cmentarz rzym.-kat.","revision","ul. Francuska","revision","1860","revision","50.2435107","19.0242208","revision","","revision","none"
"rel_49543","2012-06-01 00:00:00","49543","640212","OZ","49540"," A/1414/90 z 29.10.1990","śląskie","Katowice","Katowice","Katowice","90996","revision","Budynek bractwa pogrzebowego","revision","ul. Kozielska 16","revision","1890","revision","50.2560974","19.0083736","revision","","revision","none"
"rel_49561","2012-06-01 00:00:00","49561","640230","OZ","49559"," 1364/88 z 29.04.1988","śląskie","Katowice","Katowice","Katowice","90996","revision","Ogród","revision","ul. Barbary 25","revision","1938","revision","50.2485347","19.0074006","revision","","revision","none"
"rel_49590","2012-06-01 00:00:00","49590","640259","OZ","49589"," A-1270/81 z 07.12.1981","śląskie","Katowice","Katowice","Katowice","90996","revision","Budynek więzienny I","revision","ul. Mikołowska 10","revision","XIX/XX","revision","50.2561807","19.0134994","revision","","revision","none"
"rel_49617","2012-06-01 00:00:00","49617","640286","OZ","49616"," A/1548/94 z 03.10.1994","śląskie","Katowice","Katowice","Katowice","90996","revision","Willa","revision","ul. Sokolska 8 / Zabrska","revision","1900","revision","50.2648919","19.0237815","revision","","revision","none"
"rel_49637","2012-06-01 00:00:00","49637","640306","OZ","49636"," A/1439/91 z 31.10.1991","śląskie","Katowice","Katowice","Katowice","90996","revision","Willa","revision","ul. Warszawska 37","revision","1875","revision","50.2579576","19.0296453","revision","","revision","none"
"rel_49533","2012-06-01 00:00:00","49533","640202","OZ","49528"," A/1516/93 z 26.02.1993","śląskie","Katowice","Katowice","Katowice","90996","revision","Ogrodzenie z bramą","revision","ul. Francuska","revision","","revision","50.2435107","19.0242208","revision","","revision","none"
"rel_49662","2012-06-01 00:00:00","49662","640331","OZ","49660"," 1367/88 z 26.05.1988","śląskie","Katowice","Katowice","Katowice","90996","revision","Szpital","revision","ul. Markiefki 85-87","revision","1827-1874","revision","50.2684279","19.0397043","revision","","revision","none"
"rel_49692","2012-06-01 00:00:00","49692","640361","OZ","49690"," A/63/01 z 31.12.2001","śląskie","Katowice","Katowice","Katowice","90996","revision","Budynek gospodarczy","revision","ul. Barbórki 4","revision","1907-1910","revision","50.22081","19.0666182","revision","","revision","none"
"rel_49714","2012-06-01 00:00:00","49714","640383","OZ","49712"," A/34/00 z 11.12.2000","śląskie","Katowice","Katowice","Katowice","90996","revision","Budynek gospodarczy","revision","ul. Kwiatowa 26","revision","1907-1912","revision","50.2235235","19.0716312","revision","","revision","none"
"rel_49730","2012-06-01 00:00:00","49730","640399","OZ","49728"," A/73/02 z 5.09.2002","śląskie","Katowice","Katowice","Katowice","90996","revision","Budynek gospodarczy","revision","ul. Przyjazna 9","revision","1907-1912","revision","50.2227706","19.0701839","revision","","revision","none"
"rel_49744","2012-06-01 00:00:00","49744","640413","OZ","49743"," A/30/00 z 11.12.2000","śląskie","Katowice","Katowice","Katowice","90996","revision","Dom","revision","ul. Przyjazna 21","revision","1907-1912","revision","50.2219885","19.0701036","revision","","revision","none"
"rel_49757","2012-06-01 00:00:00","49757","640426","OZ","49755"," A/25/00 z 16.10.2000","śląskie","Katowice","Katowice","Katowice","90996","revision","Budynek gospodarczy","revision","ul. Przyjemna 6","revision","1907-1912","revision","50.2199784","19.0683467","revision","","revision","none"
"rel_49816","2012-06-01 00:00:00","49816","640488","OZ","49814"," A-1228/78 z 19.08.1978","śląskie","Katowice","Katowice","Katowice","90996","revision","Budynek maszyny wyciągowej","revision","pl. Zwycięstwa 1-13","revision","po 1869","revision","50.3277365","19.0216519","revision","","revision","none"
"rel_49822","2012-06-01 00:00:00","49822","640494","OZ","49814"," A-1228/78 z 19.08.1978","śląskie","Katowice","Katowice","Katowice","90996","revision","Budynek administracji","revision","pl. Zwycięstwa 1-13","revision","po 1869","revision","50.3277365","19.0216519","revision","","revision","none"
"rel_70575","2012-06-01 00:00:00","70575","698346","OZ","70573"," A/114/04 z 1.03.2004","śląskie","Katowice","Katowice","Katowice","90996","revision","Budynek gospodarczy","revision","ul. Antoniego 3","revision","1907-1912","revision","50.2207706","19.0737237","revision","","revision","none"
"rel_70569","2012-06-01 00:00:00","70569","698340","SA",""," A/162/05 z 30.11.2005","śląskie","Katowice","Katowice","Katowice","90996","revision","Kamienica","revision","ul. PCK 10","revision","1939","revision","50.2528442","19.0137076","revision","","revision","none"
"rel_49680","2012-06-01 00:00:00","49680","640349","SA",""," 1229/87 z 18.08.1978; 1348/87 z 23.06.1987","śląskie","Katowice","Katowice","Katowice","90996","revision","Układ urbanistyczno-przestrzenny osiedla Giszowiec","revision","ul.Kirowa-Górnickiego Stanu-Kosmiczna-Mysłowicka-Sputników-Agaty-osiedle ""Amerykań…","revision","","revision","50.2648919","19.0237815","revision","","revision","none"
"rel_49778","2012-06-01 00:00:00","49778","640447","SA",""," A-1230/78 z 19.08.1978","śląskie","Katowice","Katowice","Katowice","90996","revision","Układ urbanistyczno-przestrzenny osiedla robotniczego Nikiszowiec","revision","ul. Szopienicka - Nałkowskiej - tory kolejowe - Pstrowskiego","revision","1908-1918","revision","50.2648919","19.0237815","revision","","revision","none"
"rel_49591","2012-06-01 00:00:00","49591","640260","OZ","49589"," A-1270/81 z 07.12.1981","śląskie","Katowice","Katowice","Katowice","90996","revision","Budynek więzienny II","revision","ul. Mikołowska 10","revision","XIX/XX","revision","50.2561807","19.0134994","revision","","revision","none"
"rel_49574","2012-06-01 00:00:00","49574","640243","SA",""," 1307/83 z 07.07.1983","śląskie","Katowice","Katowice","Katowice","90996","revision","Dom","revision","ul. Kobylińskiego 5","revision","1935","revision","50.2553329","19.0256285","revision","","revision","none"
"rel_49672","2012-06-01 00:00:00","49672","640341","OZ","49670"," 1368/88 z 26.05.1988","śląskie","Katowice","Katowice","Katowice","90996","revision","Dom dziecka (zakład wychowawczy)","revision","ul. Leopolda 1-3","revision","1858-1931","revision","50.2698509","19.0381316","revision","","revision","none"
"rel_49551","2012-06-01 00:00:00","49551","640220","OZ","49546"," A/1515/93 z 26.02.1993","śląskie","Katowice","Katowice","Katowice","90996","revision","Altana","revision","ul. Kościuszki - Górnośląska - Piękna","revision","1937","revision","50.2648919","19.0237815","revision","","revision","none"
